0;0.4793554755914856;[0.138660735238939, 0.005509326201965648, 0.965874633372737, 0.8908060430965608, 0.42972621981401515, 0.31726908875999077, 0.07264698209032718, 0.12101531617352726, 0.5757991366771309, 0.8159217712038822, 3, 1, 4, 2, 4, 0, 2, 4, 2, 2, 2, 3, 4, 0, 1, 1, 1, 2, 0, 0, 1, 3, 4, 1, 1, 2];1.3192384243011475;0.10920624412200368;0.9105773931489297;0.24210432207097557
1;0.4749239832108041;[0.5928446182250184, 0.8442657485810175, 0.857945617622757, 0.8472517387841256, 0.6235636967859725, 0.38438170729269994, 0.29753460654447234, 0.056712977317443194, 0.27265629458011326, 0.47766511732135, 3, 2, 3, 4, 3, 3, 2, 4, 2, 4, 3, 4, 4, 1, 1, 1, 2, 3, 0, 0, 0, 2, 2, 0, 1, 1];1.1032509803771973;0.09726824428286368;0.9698162123959215;0.3232750132470211
2;0.3821959388927054;[0.2223213882515877, 0.38648898112586205, 0.9025984755294049, 0.4499499899112277, 0.6130634578841325, 0.9023485831739845, 0.0992803503589739, 0.969809067746749, 0.6531400357979378, 0.17090958513604518, 1, 3, 3, 3, 2, 3, 4, 3, 3, 4, 3, 3, 3, 1, 0, 1, 2, 3, 1, 1, 0, 2, 3, 1, 2, 2];1.8413934707641602;0.1101129135386285;0.6577855673737454;0.3509809404436624
3;0.4523445516200352;[0.055714693701606324, 0.4511592145209282, 0.01998766540875874, 0.4417109212488455, 0.9795867288127287, 0.35944446396932156, 0.48089353083616293, 0.6886611828057705, 0.8804758892525957, 0.9182354663621449, 1, 3, 4, 3, 4, 4, 1, 3, 2, 4, 3, 4, 3, 0, 1, 0, 2, 1, 1, 1, 1, 2, 3, 0, 2, 2];3.550597667694092;0.2076696324529298;0.6433750514081173;0.22251390014432448
4;0.4913509022808924;[0.8915544372256773, 0.6800555694634124, 0.44919773821837217, 0.9785709284207172, 0.11620190961239443, 0.767023703558727, 0.4118201389648448, 0.6754390812002361, 0.24979627565497814, 0.313218331945951, 4, 3, 3, 3, 2, 2, 3, 3, 3, 3, 3, 3, 4, 1, 0, 0, 2, 3, 0, 1, 1, 1, 1, 0, 2, 2];4.534271955490112;0.2920753275564042;0.7085654840862251;0.33628203361588593
5;0.43493836819572984;[0.5370225213757798, 0.44792617187073, 0.09956908911081111, 0.3523116612005331, 0.46924917399024224, 0.8411401297855997, 0.9046477442095137, 0.03755938382814029, 0.508315448578891, 0.16684751304849968, 3, 4, 3, 2, 2, 4, 2, 3, 2, 3, 2, 3, 4, 1, 1, 0, 2, 2, 0, 0, 1, 3, 4, 1, 2, 3];0.9863324165344238;0.07195808862261943;0.8025073104967633;0.20896434632304442
6;0.33240674610036114;[0.5000262977293015, 0.050370056757543816, 0.6990980747185113, 0.9923963988886328, 0.2672625378814783, 0.679090615627414, 0.8642814426862448, 0.7508442456284318, 0.9644897677894311, 0.5542424350844404, 1, 2, 2, 3, 3, 4, 3, 2, 2, 3, 4, 4, 4, 1, 1, 1, 2, 3, 1, 1, 1, 2, 4, 0, 1, 3];3.327019691467285;0.16751223150348488;0.5538393870237941;0.5875059287925978
7;0.3373049701843336;[0.9044249756892317, 0.6457845985018993, 0.3246829720664654, 0.5197111936582763, 5.535686500857119e-05, 0.31186022068218916, 0.42545153795217605, 0.8853376596095858, 0.6798794564067696, 0.4561297721228621, 2, 3, 2, 4, 3, 4, 2, 3, 2, 3, 3, 3, 3, 1, 1, 1, 2, 2, 1, 0, 2, 1, 1, 0, 2, 1];6.3076653480529785;0.1924160295636055;0.33555621746055314;0.2978495491781756
8;0.4854650811712446;[0.7469942401995036, 0.09259616511851355, 0.21745049270557187, 0.7492544170632398, 0.7316937564646906, 0.045614637150886435, 0.2091570294808412, 0.28691504330060463, 0.677263305338427, 0.06303828966937676, 2, 1, 4, 4, 3, 1, 3, 3, 4, 3, 2, 3, 4, 0, 1, 0, 2, 2, 1, 0, 2, 3, 4, 1, 2, 3];1.4246699810028076;0.11267389095329826;0.8699648459033814;0.15930659038209477
9;0.45552075974160483;[0.004048106368426342, 0.26947943395811774, 0.41049213809445706, 0.42822383211640824, 0.29784181855505637, 0.40113234155862776, 0.12065699118611975, 0.9806996740240195, 0.40612049298131114, 0.5692107600936256, 1, 3, 3, 3, 3, 1, 3, 4, 3, 4, 2, 4, 3, 1, 0, 1, 3, 2, 1, 1, 1, 1, 2, 1, 1, 2];1.7479228973388672;0.12413126293892886;0.7811808486558781;0.20449563162311535
10;0.452220278014497;[0.4585145522366507, 0.524592620754848, 0.44201531779487024, 0.8526349237823402, 0.433438974469356, 0.8268703682806416, 0.5093420653681868, 0.08637698037064125, 0.6600398622229491, 0.2065946070752695, 3, 3, 2, 2, 2, 4, 1, 4, 4, 3, 3, 3, 4, 0, 0, 0, 2, 3, 1, 0, 0, 2, 3, 0, 1, 1];0.5992157459259033;0.04983720054041318;0.9148778376934279;0.23580836781868986
11;0.35502311221920463;[0.8729227019162891, 0.06686724060737034, 0.10667981036319116, 0.43434990979744914, 0.04414824649230237, 0.09441103497942263, 0.2557452882719359, 0.4549779541830206, 0.5862902601163862, 0.3570956652766715, 1, 4, 3, 4, 2, 0, 1, 4, 3, 3, 3, 3, 4, 0, 0, 0, 2, 2, 0, 1, 1, 1, 1, 0, 1, 2];6.752074718475342;0.22379480540887575;0.3645905832116605;0.33125732724365703
12;0.4588598899309323;[1.0, 0.6506170291585217, 0.3569162502795518, 1.0, 0.0, 0.9090224619843271, 0.2573263026696885, 1.0, 0.1349180750303609, 0.3328724998665738, 4, 3, 3, 3, 2, 1, 4, 2, 4, 2, 3, 3, 4, 1, 0, 0, 2, 3, 0, 1, 1, 1, 1, 0, 2, 2];4.277755975723267;0.2624671747979545;0.6749190321192534;0.37424703551910476
13;0.5766088425716632;[0.9404356922236463, 0.9895708785667913, 0.007711539078604114, 0.12445353014638685, 0.8561254679508509, 0.01039497903601694, 0.555671401874877, 0.9996604432748972, 0.6025050454389125, 0.9928616141676415, 2, 1, 3, 4, 4, 0, 4, 4, 3, 3, 4, 4, 3, 0, 0, 0, 1, 4, 0, 0, 1, 1, 2, 0, 2, 3];5.510542392730713;0.38578476276704005;0.7700934115007391;0.23655781131039239
14;0.3649210304461218;[0.9994653338105767, 0.11579631761949397, 0.8664208326280232, 0.4833135173765427, 0.11765372503634189, 0.7554924223446814, 0.9146013415023383, 0.08131950489488872, 0.13408013025204527, 0.4741541542771083, 1, 4, 4, 2, 4, 2, 2, 2, 3, 2, 2, 3, 4, 0, 1, 1, 1, 3, 0, 0, 1, 2, 4, 0, 1, 2];2.11281418800354;0.12761739643271885;0.6644178029145056;0.4910650432229465
15;0.5145718025687346;[0.937283158650994, 0.9886584849936245, 0.27902156250203763, 0.628985024470715, 0.6946809395865738, 0.11902292664425272, 0.8350533774128074, 0.0, 0.6917437508152131, 0.41170476743629447, 4, 3, 3, 3, 2, 1, 1, 4, 2, 4, 3, 3, 4, 0, 0, 0, 3, 3, 0, 0, 1, 1, 1, 1, 1, 2];5.13388729095459;0.3226629296250748;0.6913459576974607;0.2708172477652054
16;0.5261418040133082;[1.0, 0.7510614896074872, 0.09420650157129766, 0.40475412408475553, 0.9730045274258353, 0.30450703063033707, 0.2741530320260967, 0.4350691661685485, 0.296781040429947, 1.0, 2, 1, 2, 4, 4, 0, 3, 4, 4, 3, 3, 4, 3, 0, 0, 1, 1, 4, 1, 1, 0, 1, 2, 0, 1, 3];2.545772075653076;0.20382850992959203;0.8807204818798772;0.19994297757725454
17;0.5009263131796837;[1.0, 1.0, 0.5332013844730525, 0.0, 1.0, 0.05405153985334815, 0.6363679042479506, 1.0, 0.5123187326071456, 1.0, 1, 4, 4, 3, 4, 0, 1, 4, 3, 3, 4, 3, 3, 1, 0, 0, 1, 4, 0, 0, 0, 3, 2, 0, 1, 1];3.8172030448913574;0.2720618317958301;0.7839981563881694;0.3515202481734103
18;0.49589354776480576;[0.06925562450381764, 0.0, 1.0, 1.0, 1.0, 0.5764160211833079, 0.0, 0.0, 0.8186778453805332, 0.0, 4, 1, 4, 2, 4, 3, 1, 4, 4, 2, 2, 4, 3, 0, 1, 1, 2, 4, 0, 0, 2, 3, 4, 0, 2, 2];1.201751470565796;0.10487539114143761;0.9599566389651882;0.22265569747734762
19;0.5092433386134805;[1.0, 1.0, 0.0, 0.0, 0.5624707987961292, 0.0, 0.9841669980729445, 1.0, 0.5710049434169525, 1.0, 3, 1, 4, 4, 4, 0, 4, 4, 2, 3, 4, 4, 3, 0, 0, 0, 1, 4, 0, 0, 2, 1, 1, 0, 2, 3];5.399014234542847;0.34600358225501987;0.7049508001764861;0.3762184628348767
20;0.5356481039208718;[0.0, 0.0, 0.0, 0.0, 1.0, 0.0, 0.0, 1.0, 0.0, 1.0, 4, 1, 3, 4, 4, 0, 4, 4, 2, 2, 4, 4, 4, 1, 0, 0, 1, 1, 1, 1, 2, 1, 1, 1, 2, 3];2.4210143089294434;0.1906210051669823;0.8660961024075939;0.09745614692448808
21;0.4152017291774922;[0.858754487124483, 0.9374833236434906, 0.0, 1.0, 1.0, 1.0, 0.15630166377482776, 0.8564884695871178, 1.0, 0.5311643222531177, 3, 3, 2, 3, 3, 2, 2, 4, 3, 3, 3, 3, 4, 0, 0, 1, 1, 1, 1, 0, 1, 2, 4, 1, 2, 1];2.1607296466827393;0.1410870159841822;0.7182560660509504;0.35409299314942005
22;0.41441562448893976;[0.5488135039273249, 0.7151893663724196, 0.602763376071644, 0.544883182996897, 0.4236547993389048, 0.6458941130666562, 0.4375872112626926, 0.89177300078208, 0.9636627605010295, 0.3834415188257778, 0, 2, 3, 3, 3, 0, 2, 2, 2, 3, 4, 4, 4, 0, 0, 1, 1, 2, 1, 1, 2, 1, 2, 1, 2, 1];4.195748567581177;0.23723216972840078;0.6219519175136846;0.4539301781468299
23;0.3906746584552879;[0.5218483217500718, 0.4146619399905237, 0.264555612104627, 0.7742336894342169, 0.45615033221654866, 0.5684339488686486, 0.018789800436355145, 0.6176354970758772, 0.6120957227224215, 0.616933996874757, 4, 2, 4, 4, 2, 1, 2, 3, 3, 4, 4, 3, 4, 0, 0, 1, 2, 1, 1, 0, 0, 1, 3, 0, 2, 1];1.2123935222625732;0.08415025583775611;0.7634920487597628;0.4022404204575948
24;0.45166188656205375;[0.16130951788499628, 0.6531083254653985, 0.25329160253978217, 0.4663107728563064, 0.2444255920016028, 0.15896958364551975, 0.11037514116430516, 0.6563295894652735, 0.13818295134861383, 0.19658236168005355, 0, 4, 3, 4, 2, 1, 3, 2, 4, 2, 3, 4, 3, 0, 1, 0, 2, 2, 1, 0, 2, 3, 4, 0, 2, 3];6.138775110244751;0.26957546567865787;0.48304915381515084;0.14020296210910235
25;0.4287275624352783;[0.6886611828057705, 0.8804758892525957, 0.9182354663621449, 0.21682213762754293, 0.5651888666048754, 0.8651025613053852, 0.5089689606670146, 0.916722954019461, 0.9211576102372, 0.0831124926306024, 3, 1, 4, 2, 2, 0, 3, 4, 4, 2, 2, 3, 4, 0, 0, 1, 3, 4, 0, 0, 1, 1, 1, 0, 2, 1];0.4851224422454834;0.03793591469248166;0.8601850281050019;0.2414795167123154
26;0.38475571549656057;[0.8960383875090773, 0.638921076231313, 0.8915544372256773, 0.6800555694634124, 0.44919773821837217, 0.9785709284207172, 0.11620190961239443, 0.767023703558727, 0.4118201389648448, 0.6754390812002361, 0, 1, 3, 3, 4, 1, 1, 2, 3, 4, 3, 4, 4, 1, 0, 0, 1, 4, 1, 1, 2, 2, 4, 1, 2, 1];1.0896422863006592;0.0761679895614647;0.7689201270084784;0.4200215869335766
27;0.4078845952041438;[0.5488135039273249, 0.7151893663724196, 0.602763376071644, 0.544883182996897, 0.4236547993389048, 0.6458941130666562, 0.4375872112626926, 0.89177300078208, 0.9636627605010295, 0.3834415188257778, 0, 2, 3, 3, 3, 0, 2, 2, 2, 3, 4, 4, 4, 0, 0, 1, 1, 2, 1, 1, 2, 1, 2, 1, 2, 1];3.4350426197052;0.19858209990901346;0.6359173206376741;0.4109082547083258
28;0.5454957444480344;[0.5218483217500718, 0.4146619399905237, 0.264555612104627, 0.7742336894342169, 0.45615033221654866, 0.5684339488686486, 0.018789800436355145, 0.6176354970758772, 0.6120957227224215, 0.616933996874757, 4, 2, 4, 4, 2, 1, 2, 3, 3, 4, 4, 3, 4, 0, 0, 1, 2, 1, 1, 0, 0, 1, 3, 0, 2, 1];6.011259317398071;0.3685651252086931;0.6744371126299142;0.20558975972643206
29;0.4600266544229375;[0.16130951788499628, 0.6531083254653985, 0.25329160253978217, 0.4663107728563064, 0.2444255920016028, 0.15896958364551975, 0.11037514116430516, 0.6563295894652735, 0.13818295134861383, 0.19658236168005355, 0, 4, 3, 4, 2, 1, 3, 2, 4, 2, 3, 4, 3, 0, 1, 0, 2, 2, 1, 0, 2, 3, 4, 0, 2, 3];9.99876856803894;0.3752538066140802;0.4128300244841517;0.2572462811467404